_time,url,scaph_host_power_microwatts
2025-08-04 06:00:01+00:00,http://flux-node3.av.it.pt:8080/metrics,88732473.0
2025-08-04 06:00:01+00:00,http://flux-node4.av.it.pt:8080/metrics,63426249.0
2025-08-04 06:01:00+00:00,http://flux-node5.av.it.pt:8080/metrics,71116124.0
2025-08-04 06:02:02+00:00,http://flux-node3.av.it.pt:8080/metrics,76936837.0
2025-08-04 06:02:02+00:00,http://flux-node4.av.it.pt:8080/metrics,61264158.0
2025-08-04 06:02:02+00:00,http://flux-node5.av.it.pt:8080/metrics,69869521.0
2025-08-04 06:03:02+00:00,http://flux-node3.av.it.pt:8080/metrics,79611793.0
2025-08-04 06:03:02+00:00,http://flux-node4.av.it.pt:8080/metrics,62504040.0
2025-08-04 06:03:02+00:00,http://flux-node5.av.it.pt:8080/metrics,69352224.0
2025-08-04 06:04:02+00:00,http://flux-node4.av.it.pt:8080/metrics,60893436.0
2025-08-04 06:04:03+00:00,http://flux-node3.av.it.pt:8080/metrics,70593122.0
2025-08-04 06:04:03+00:00,http://flux-node5.av.it.pt:8080/metrics,68330565.0
2025-08-04 06:05:02+00:00,http://flux-node4.av.it.pt:8080/metrics,61681936.0
2025-08-04 06:05:02+00:00,http://flux-node5.av.it.pt:8080/metrics,68509121.0
2025-08-04 06:05:02+00:00,http://flux-node3.av.it.pt:8080/metrics,71334172.0
2025-08-04 06:06:02+00:00,http://flux-node5.av.it.pt:8080/metrics,68924645.0
2025-08-04 06:06:02+00:00,http://flux-node3.av.it.pt:8080/metrics,68482567.0
2025-08-04 06:06:02+00:00,http://flux-node4.av.it.pt:8080/metrics,61247268.0
2025-08-04 06:07:02+00:00,http://flux-node5.av.it.pt:8080/metrics,68377883.0
2025-08-04 06:07:02+00:00,http://flux-node3.av.it.pt:8080/metrics,69597223.0
2025-08-04 06:07:02+00:00,http://flux-node4.av.it.pt:8080/metrics,61372460.0
2025-08-04 06:08:02+00:00,http://flux-node5.av.it.pt:8080/metrics,71690979.0
2025-08-04 06:08:02+00:00,http://flux-node3.av.it.pt:8080/metrics,69714826.0
2025-08-04 06:08:02+00:00,http://flux-node4.av.it.pt:8080/metrics,61313092.0
2025-08-04 06:09:01+00:00,http://flux-node4.av.it.pt:8080/metrics,62752959.0
2025-08-04 06:09:02+00:00,http://flux-node5.av.it.pt:8080/metrics,70522712.0
2025-08-04 06:09:02+00:00,http://flux-node3.av.it.pt:8080/metrics,72899914.0
2025-08-04 06:10:02+00:00,http://flux-node4.av.it.pt:8080/metrics,62376866.0
2025-08-04 06:10:02+00:00,http://flux-node3.av.it.pt:8080/metrics,77096325.0
2025-08-04 06:10:03+00:00,http://flux-node5.av.it.pt:8080/metrics,71370842.0
2025-08-04 06:11:02+00:00,http://flux-node4.av.it.pt:8080/metrics,61140680.0
2025-08-04 06:11:02+00:00,http://flux-node5.av.it.pt:8080/metrics,70483058.0
2025-08-04 06:11:02+00:00,http://flux-node3.av.it.pt:8080/metrics,80933581.0
2025-08-04 06:12:02+00:00,http://flux-node4.av.it.pt:8080/metrics,61483519.0
2025-08-04 06:12:02+00:00,http://flux-node5.av.it.pt:8080/metrics,68082047.0
2025-08-04 06:12:02+00:00,http://flux-node3.av.it.pt:8080/metrics,76022602.0
2025-08-04 06:13:02+00:00,http://flux-node4.av.it.pt:8080/metrics,60851245.0
2025-08-04 06:13:02+00:00,http://flux-node5.av.it.pt:8080/metrics,68024932.0
2025-08-04 06:13:02+00:00,http://flux-node3.av.it.pt:8080/metrics,78342760.0
2025-08-04 06:14:02+00:00,http://flux-node5.av.it.pt:8080/metrics,69250626.0
2025-08-04 06:14:02+00:00,http://flux-node3.av.it.pt:8080/metrics,72604619.0
2025-08-04 06:14:02+00:00,http://flux-node4.av.it.pt:8080/metrics,62418445.0
2025-08-04 06:15:02+00:00,http://flux-node3.av.it.pt:8080/metrics,71672254.0
2025-08-04 06:16:00+00:00,http://flux-node4.av.it.pt:8080/metrics,61256250.0
2025-08-04 06:16:00+00:00,http://flux-node5.av.it.pt:8080/metrics,68810055.0
2025-08-04 06:17:02+00:00,http://flux-node3.av.it.pt:8080/metrics,83940648.0
2025-08-04 06:17:02+00:00,http://flux-node4.av.it.pt:8080/metrics,61486644.0
2025-08-04 06:17:02+00:00,http://flux-node5.av.it.pt:8080/metrics,70267176.0
2025-08-04 06:18:02+00:00,http://flux-node4.av.it.pt:8080/metrics,62299875.0
2025-08-04 06:18:02+00:00,http://flux-node5.av.it.pt:8080/metrics,71155688.0
2025-08-04 06:18:03+00:00,http://flux-node3.av.it.pt:8080/metrics,78554275.0
2025-08-04 06:19:02+00:00,http://flux-node4.av.it.pt:8080/metrics,63067232.0
2025-08-04 06:19:02+00:00,http://flux-node5.av.it.pt:8080/metrics,71070975.0
2025-08-04 06:19:02+00:00,http://flux-node3.av.it.pt:8080/metrics,74212362.0
2025-08-04 06:20:02+00:00,http://flux-node5.av.it.pt:8080/metrics,70018302.0
2025-08-04 06:20:02+00:00,http://flux-node3.av.it.pt:8080/metrics,76962897.0
2025-08-04 06:20:02+00:00,http://flux-node4.av.it.pt:8080/metrics,60917670.0
2025-08-04 06:21:02+00:00,http://flux-node5.av.it.pt:8080/metrics,67411705.0
2025-08-04 06:21:02+00:00,http://flux-node3.av.it.pt:8080/metrics,72896084.0
2025-08-04 06:21:02+00:00,http://flux-node4.av.it.pt:8080/metrics,61544356.0
2025-08-04 06:22:01+00:00,http://flux-node5.av.it.pt:8080/metrics,71794910.0
2025-08-04 06:22:02+00:00,http://flux-node3.av.it.pt:8080/metrics,80001150.0
2025-08-04 06:22:02+00:00,http://flux-node4.av.it.pt:8080/metrics,61205134.0
2025-08-04 06:23:02+00:00,http://flux-node5.av.it.pt:8080/metrics,73070230.0
2025-08-04 06:23:02+00:00,http://flux-node3.av.it.pt:8080/metrics,89726304.0
2025-08-04 06:23:02+00:00,http://flux-node4.av.it.pt:8080/metrics,60894934.0
2025-08-04 06:24:02+00:00,http://flux-node4.av.it.pt:8080/metrics,62057693.0
2025-08-04 06:24:02+00:00,http://flux-node5.av.it.pt:8080/metrics,69892764.0
2025-08-04 06:25:01+00:00,http://flux-node3.av.it.pt:8080/metrics,90991877.0
2025-08-04 06:25:02+00:00,http://flux-node4.av.it.pt:8080/metrics,61666910.0
2025-08-04 06:25:02+00:00,http://flux-node5.av.it.pt:8080/metrics,69670581.0
2025-08-04 06:26:02+00:00,http://flux-node4.av.it.pt:8080/metrics,61547624.0
2025-08-04 06:26:02+00:00,http://flux-node5.av.it.pt:8080/metrics,73313036.0
2025-08-04 06:26:02+00:00,http://flux-node3.av.it.pt:8080/metrics,92201471.0
2025-08-04 06:27:02+00:00,http://flux-node4.av.it.pt:8080/metrics,61495105.0
2025-08-04 06:27:02+00:00,http://flux-node5.av.it.pt:8080/metrics,73220332.0
2025-08-04 06:27:03+00:00,http://flux-node3.av.it.pt:8080/metrics,84318162.0
2025-08-04 06:28:02+00:00,http://flux-node3.av.it.pt:8080/metrics,89600404.0
2025-08-04 06:28:02+00:00,http://flux-node5.av.it.pt:8080/metrics,73951728.0
2025-08-04 06:28:03+00:00,http://flux-node4.av.it.pt:8080/metrics,60658370.0
2025-08-04 06:29:02+00:00,http://flux-node4.av.it.pt:8080/metrics,62350010.0
2025-08-04 06:29:02+00:00,http://flux-node5.av.it.pt:8080/metrics,71339522.0
2025-08-04 06:29:03+00:00,http://flux-node3.av.it.pt:8080/metrics,84164520.0
2025-08-04 06:30:02+00:00,http://flux-node3.av.it.pt:8080/metrics,90564017.0
2025-08-04 06:30:02+00:00,http://flux-node4.av.it.pt:8080/metrics,64562218.0
2025-08-04 06:30:02+00:00,http://flux-node5.av.it.pt:8080/metrics,68944995.0
2025-08-04 06:32:02+00:00,http://flux-node3.av.it.pt:8080/metrics,93329669.0
2025-08-04 06:32:02+00:00,http://flux-node4.av.it.pt:8080/metrics,62075528.0
2025-08-04 06:32:02+00:00,http://flux-node5.av.it.pt:8080/metrics,67290142.0
2025-08-04 06:33:02+00:00,http://flux-node4.av.it.pt:8080/metrics,62988320.0
2025-08-04 06:33:02+00:00,http://flux-node5.av.it.pt:8080/metrics,67499827.0
2025-08-04 06:33:02+00:00,http://flux-node3.av.it.pt:8080/metrics,87912893.0
2025-08-04 06:34:02+00:00,http://flux-node5.av.it.pt:8080/metrics,69068946.0
2025-08-04 06:34:02+00:00,http://flux-node3.av.it.pt:8080/metrics,88224364.0
2025-08-04 06:34:02+00:00,http://flux-node4.av.it.pt:8080/metrics,62117392.0
2025-08-04 06:35:02+00:00,http://flux-node5.av.it.pt:8080/metrics,69665540.0
2025-08-04 06:35:02+00:00,http://flux-node3.av.it.pt:8080/metrics,80008883.0
2025-08-04 06:35:02+00:00,http://flux-node4.av.it.pt:8080/metrics,61387701.0
2025-08-04 06:36:02+00:00,http://flux-node3.av.it.pt:8080/metrics,83842367.0
2025-08-04 06:36:02+00:00,http://flux-node4.av.it.pt:8080/metrics,62223352.0
2025-08-04 06:36:03+00:00,http://flux-node5.av.it.pt:8080/metrics,70640620.0
2025-08-04 06:37:02+00:00,http://flux-node5.av.it.pt:8080/metrics,70243373.0
2025-08-04 06:37:03+00:00,http://flux-node4.av.it.pt:8080/metrics,61208360.0
2025-08-04 06:37:03+00:00,http://flux-node3.av.it.pt:8080/metrics,85312668.0
2025-08-04 06:38:02+00:00,http://flux-node4.av.it.pt:8080/metrics,60819261.0
2025-08-04 06:38:02+00:00,http://flux-node5.av.it.pt:8080/metrics,67099361.0
2025-08-04 06:38:02+00:00,http://flux-node3.av.it.pt:8080/metrics,76080908.0
2025-08-04 06:39:02+00:00,http://flux-node4.av.it.pt:8080/metrics,61809899.0
2025-08-04 06:39:02+00:00,http://flux-node5.av.it.pt:8080/metrics,66847780.0
2025-08-04 06:39:02+00:00,http://flux-node3.av.it.pt:8080/metrics,81260255.0
2025-08-04 06:40:02+00:00,http://flux-node4.av.it.pt:8080/metrics,60826515.0
2025-08-04 06:40:02+00:00,http://flux-node5.av.it.pt:8080/metrics,67522509.0
2025-08-04 06:40:02+00:00,http://flux-node3.av.it.pt:8080/metrics,75762859.0
2025-08-04 06:41:01+00:00,http://flux-node4.av.it.pt:8080/metrics,60551198.0
2025-08-04 06:41:02+00:00,http://flux-node5.av.it.pt:8080/metrics,68374107.0
2025-08-04 06:41:02+00:00,http://flux-node3.av.it.pt:8080/metrics,80892456.0
2025-08-04 06:42:02+00:00,http://flux-node5.av.it.pt:8080/metrics,69609682.0
2025-08-04 06:42:02+00:00,http://flux-node3.av.it.pt:8080/metrics,72792218.0
2025-08-04 06:42:02+00:00,http://flux-node4.av.it.pt:8080/metrics,60438988.0
2025-08-04 06:43:02+00:00,http://flux-node3.av.it.pt:8080/metrics,70156193.0
2025-08-04 06:43:02+00:00,http://flux-node4.av.it.pt:8080/metrics,61386132.0
2025-08-04 06:43:02+00:00,http://flux-node5.av.it.pt:8080/metrics,70044459.0
2025-08-04 06:44:02+00:00,http://flux-node3.av.it.pt:8080/metrics,69475240.0
2025-08-04 06:44:02+00:00,http://flux-node4.av.it.pt:8080/metrics,60853259.0
2025-08-04 06:44:02+00:00,http://flux-node5.av.it.pt:8080/metrics,69558781.0
2025-08-04 06:45:01+00:00,http://flux-node3.av.it.pt:8080/metrics,67632841.0
2025-08-04 06:46:00+00:00,http://flux-node4.av.it.pt:8080/metrics,60856757.0
2025-08-04 06:46:01+00:00,http://flux-node5.av.it.pt:8080/metrics,69497689.0
2025-08-04 06:47:02+00:00,http://flux-node3.av.it.pt:8080/metrics,72373733.0
2025-08-04 06:47:02+00:00,http://flux-node4.av.it.pt:8080/metrics,61226120.0
2025-08-04 06:48:01+00:00,http://flux-node4.av.it.pt:8080/metrics,62082315.0
2025-08-04 06:48:02+00:00,http://flux-node5.av.it.pt:8080/metrics,68351419.0
2025-08-04 06:48:03+00:00,http://flux-node3.av.it.pt:8080/metrics,72610425.0
2025-08-04 06:49:02+00:00,http://flux-node5.av.it.pt:8080/metrics,68132447.0
2025-08-04 06:49:02+00:00,http://flux-node3.av.it.pt:8080/metrics,76664419.0
2025-08-04 06:49:02+00:00,http://flux-node4.av.it.pt:8080/metrics,61192267.0
2025-08-04 06:50:01+00:00,http://flux-node5.av.it.pt:8080/metrics,67357934.0
2025-08-04 06:50:02+00:00,http://flux-node3.av.it.pt:8080/metrics,78639141.0
2025-08-04 06:50:02+00:00,http://flux-node4.av.it.pt:8080/metrics,60578465.0
2025-08-04 06:51:01+00:00,http://flux-node5.av.it.pt:8080/metrics,67787768.0
2025-08-04 06:51:02+00:00,http://flux-node3.av.it.pt:8080/metrics,82326202.0
2025-08-04 06:51:02+00:00,http://flux-node4.av.it.pt:8080/metrics,60695074.0
2025-08-04 06:52:02+00:00,http://flux-node4.av.it.pt:8080/metrics,61409455.0
2025-08-04 06:52:02+00:00,http://flux-node5.av.it.pt:8080/metrics,70961070.0
2025-08-04 06:52:02+00:00,http://flux-node3.av.it.pt:8080/metrics,74498309.0
2025-08-04 06:53:02+00:00,http://flux-node4.av.it.pt:8080/metrics,61189222.0
2025-08-04 06:53:02+00:00,http://flux-node5.av.it.pt:8080/metrics,71835467.0
2025-08-04 06:53:02+00:00,http://flux-node3.av.it.pt:8080/metrics,74931991.0
2025-08-04 06:54:02+00:00,http://flux-node4.av.it.pt:8080/metrics,62052032.0
2025-08-04 06:54:02+00:00,http://flux-node5.av.it.pt:8080/metrics,72977028.0
2025-08-04 06:54:02+00:00,http://flux-node3.av.it.pt:8080/metrics,75859673.0
2025-08-04 06:55:02+00:00,http://flux-node5.av.it.pt:8080/metrics,72809942.0
2025-08-04 06:55:02+00:00,http://flux-node3.av.it.pt:8080/metrics,73480406.0
2025-08-04 06:55:02+00:00,http://flux-node4.av.it.pt:8080/metrics,61938427.0
2025-08-04 06:56:02+00:00,http://flux-node3.av.it.pt:8080/metrics,83415010.0
2025-08-04 06:56:02+00:00,http://flux-node5.av.it.pt:8080/metrics,68672029.0
2025-08-04 06:56:03+00:00,http://flux-node4.av.it.pt:8080/metrics,61102707.0
2025-08-04 06:57:02+00:00,http://flux-node3.av.it.pt:8080/metrics,90024130.0
2025-08-04 06:57:02+00:00,http://flux-node4.av.it.pt:8080/metrics,60560137.0
2025-08-04 06:57:02+00:00,http://flux-node5.av.it.pt:8080/metrics,68428261.0
2025-08-04 06:58:01+00:00,http://flux-node3.av.it.pt:8080/metrics,85582278.0
2025-08-04 06:58:02+00:00,http://flux-node5.av.it.pt:8080/metrics,69368247.0
2025-08-04 06:58:03+00:00,http://flux-node4.av.it.pt:8080/metrics,60683909.0
2025-08-04 06:59:02+00:00,http://flux-node3.av.it.pt:8080/metrics,87654112.0
2025-08-04 06:59:02+00:00,http://flux-node4.av.it.pt:8080/metrics,60838414.0
2025-08-04 06:59:02+00:00,http://flux-node5.av.it.pt:8080/metrics,69191933.0
2025-08-04 07:00:02+00:00,http://flux-node4.av.it.pt:8080/metrics,62236675.0
2025-08-04 07:00:02+00:00,http://flux-node5.av.it.pt:8080/metrics,69831332.0
2025-08-04 07:00:02+00:00,http://flux-node3.av.it.pt:8080/metrics,91141804.0
2025-08-04 07:02:02+00:00,http://flux-node3.av.it.pt:8080/metrics,71429238.0
2025-08-04 07:02:03+00:00,http://flux-node5.av.it.pt:8080/metrics,69928678.0
2025-08-04 07:02:03+00:00,http://flux-node4.av.it.pt:8080/metrics,67184779.0
2025-08-04 07:03:02+00:00,http://flux-node5.av.it.pt:8080/metrics,69323984.0
2025-08-04 07:03:02+00:00,http://flux-node3.av.it.pt:8080/metrics,81107685.0
2025-08-04 07:03:02+00:00,http://flux-node4.av.it.pt:8080/metrics,61844116.0
2025-08-04 07:04:02+00:00,http://flux-node5.av.it.pt:8080/metrics,69302552.0
2025-08-04 07:04:02+00:00,http://flux-node3.av.it.pt:8080/metrics,82992551.0
2025-08-04 07:04:03+00:00,http://flux-node4.av.it.pt:8080/metrics,60802799.0
2025-08-04 07:05:02+00:00,http://flux-node4.av.it.pt:8080/metrics,61409255.0
2025-08-04 07:05:02+00:00,http://flux-node5.av.it.pt:8080/metrics,68538745.0
2025-08-04 07:05:02+00:00,http://flux-node3.av.it.pt:8080/metrics,91566293.0
2025-08-04 07:06:02+00:00,http://flux-node4.av.it.pt:8080/metrics,61736114.0
2025-08-04 07:06:02+00:00,http://flux-node5.av.it.pt:8080/metrics,69015487.0
2025-08-04 07:06:02+00:00,http://flux-node3.av.it.pt:8080/metrics,93810804.0
2025-08-04 07:07:01+00:00,http://flux-node5.av.it.pt:8080/metrics,68348663.0
2025-08-04 07:07:02+00:00,http://flux-node4.av.it.pt:8080/metrics,61849846.0
2025-08-04 07:07:02+00:00,http://flux-node3.av.it.pt:8080/metrics,75654418.0
2025-08-04 07:08:02+00:00,http://flux-node4.av.it.pt:8080/metrics,62031480.0
2025-08-04 07:08:02+00:00,http://flux-node5.av.it.pt:8080/metrics,68196157.0
2025-08-04 07:08:02+00:00,http://flux-node3.av.it.pt:8080/metrics,77528331.0
2025-08-04 07:09:02+00:00,http://flux-node5.av.it.pt:8080/metrics,71637399.0
2025-08-04 07:09:02+00:00,http://flux-node3.av.it.pt:8080/metrics,77108003.0
2025-08-04 07:09:02+00:00,http://flux-node4.av.it.pt:8080/metrics,62279017.0
2025-08-04 07:10:02+00:00,http://flux-node3.av.it.pt:8080/metrics,71097953.0
2025-08-04 07:10:02+00:00,http://flux-node4.av.it.pt:8080/metrics,61159965.0
2025-08-04 07:10:02+00:00,http://flux-node5.av.it.pt:8080/metrics,70605693.0
2025-08-04 07:11:01+00:00,http://flux-node3.av.it.pt:8080/metrics,68806130.0
2025-08-04 07:11:02+00:00,http://flux-node4.av.it.pt:8080/metrics,62542260.0
2025-08-04 07:11:02+00:00,http://flux-node5.av.it.pt:8080/metrics,72292823.0
2025-08-04 07:12:02+00:00,http://flux-node4.av.it.pt:8080/metrics,60636265.0
2025-08-04 07:12:02+00:00,http://flux-node5.av.it.pt:8080/metrics,71052936.0
2025-08-04 07:12:02+00:00,http://flux-node3.av.it.pt:8080/metrics,70759741.0
2025-08-04 07:13:02+00:00,http://flux-node5.av.it.pt:8080/metrics,67861204.0
2025-08-04 07:13:02+00:00,http://flux-node4.av.it.pt:8080/metrics,61595006.0
2025-08-04 07:14:02+00:00,http://flux-node5.av.it.pt:8080/metrics,67512697.0
2025-08-04 07:14:02+00:00,http://flux-node3.av.it.pt:8080/metrics,77775746.0
2025-08-04 07:14:03+00:00,http://flux-node4.av.it.pt:8080/metrics,61932240.0
2025-08-04 07:15:02+00:00,http://flux-node3.av.it.pt:8080/metrics,76721621.0
2025-08-04 07:16:00+00:00,http://flux-node5.av.it.pt:8080/metrics,67315338.0
2025-08-04 07:16:00+00:00,http://flux-node4.av.it.pt:8080/metrics,61298197.0
2025-08-04 07:17:02+00:00,http://flux-node5.av.it.pt:8080/metrics,67417810.0
2025-08-04 07:17:02+00:00,http://flux-node3.av.it.pt:8080/metrics,75617231.0
2025-08-04 07:17:02+00:00,http://flux-node4.av.it.pt:8080/metrics,60754988.0
2025-08-04 07:18:02+00:00,http://flux-node3.av.it.pt:8080/metrics,75760118.0
2025-08-04 07:18:02+00:00,http://flux-node4.av.it.pt:8080/metrics,61693643.0
2025-08-04 07:18:02+00:00,http://flux-node5.av.it.pt:8080/metrics,70605337.0
2025-08-04 07:19:02+00:00,http://flux-node4.av.it.pt:8080/metrics,61151906.0
2025-08-04 07:19:02+00:00,http://flux-node5.av.it.pt:8080/metrics,69735528.0
2025-08-04 07:19:02+00:00,http://flux-node3.av.it.pt:8080/metrics,78476311.0
2025-08-04 07:20:02+00:00,http://flux-node5.av.it.pt:8080/metrics,72101682.0
2025-08-04 07:20:02+00:00,http://flux-node3.av.it.pt:8080/metrics,79385274.0
2025-08-04 07:20:03+00:00,http://flux-node4.av.it.pt:8080/metrics,61934874.0
2025-08-04 07:21:01+00:00,http://flux-node4.av.it.pt:8080/metrics,61523627.0
2025-08-04 07:21:02+00:00,http://flux-node5.av.it.pt:8080/metrics,70726672.0
2025-08-04 07:21:02+00:00,http://flux-node3.av.it.pt:8080/metrics,97838274.0
2025-08-04 07:22:02+00:00,http://flux-node4.av.it.pt:8080/metrics,61576227.0
2025-08-04 07:22:02+00:00,http://flux-node3.av.it.pt:8080/metrics,78204000.0
2025-08-04 07:22:02+00:00,http://flux-node5.av.it.pt:8080/metrics,69631843.0
2025-08-04 07:23:02+00:00,http://flux-node3.av.it.pt:8080/metrics,88236289.0
2025-08-04 07:23:02+00:00,http://flux-node4.av.it.pt:8080/metrics,60645598.0
2025-08-04 07:23:02+00:00,http://flux-node5.av.it.pt:8080/metrics,68083981.0
2025-08-04 07:24:02+00:00,http://flux-node4.av.it.pt:8080/metrics,60385729.0
2025-08-04 07:24:02+00:00,http://flux-node3.av.it.pt:8080/metrics,72487932.0
2025-08-04 07:24:03+00:00,http://flux-node5.av.it.pt:8080/metrics,67664059.0
2025-08-04 07:25:02+00:00,http://flux-node3.av.it.pt:8080/metrics,79064391.0
2025-08-04 07:25:02+00:00,http://flux-node4.av.it.pt:8080/metrics,61270420.0
2025-08-04 07:25:02+00:00,http://flux-node5.av.it.pt:8080/metrics,68135779.0
2025-08-04 07:26:02+00:00,http://flux-node4.av.it.pt:8080/metrics,61017437.0
2025-08-04 07:26:02+00:00,http://flux-node5.av.it.pt:8080/metrics,73840474.0
2025-08-04 07:26:02+00:00,http://flux-node3.av.it.pt:8080/metrics,85905553.0
2025-08-04 07:27:02+00:00,http://flux-node3.av.it.pt:8080/metrics,72867991.0
2025-08-04 07:27:02+00:00,http://flux-node5.av.it.pt:8080/metrics,74953150.0
2025-08-04 07:27:02+00:00,http://flux-node4.av.it.pt:8080/metrics,61990186.0
2025-08-04 07:28:02+00:00,http://flux-node3.av.it.pt:8080/metrics,86975120.0
2025-08-04 07:28:02+00:00,http://flux-node5.av.it.pt:8080/metrics,72022531.0
2025-08-04 07:28:03+00:00,http://flux-node4.av.it.pt:8080/metrics,61854898.0
2025-08-04 07:29:02+00:00,http://flux-node3.av.it.pt:8080/metrics,78697759.0
2025-08-04 07:29:02+00:00,http://flux-node5.av.it.pt:8080/metrics,69843585.0
2025-08-04 07:29:02+00:00,http://flux-node4.av.it.pt:8080/metrics,62101025.0
2025-08-04 07:30:01+00:00,http://flux-node4.av.it.pt:8080/metrics,62205716.0
2025-08-04 07:31:00+00:00,http://flux-node3.av.it.pt:8080/metrics,80606877.0
2025-08-04 07:31:01+00:00,http://flux-node5.av.it.pt:8080/metrics,68850728.0
2025-08-04 07:32:01+00:00,http://flux-node5.av.it.pt:8080/metrics,67642449.0
2025-08-04 07:32:02+00:00,http://flux-node3.av.it.pt:8080/metrics,88774302.0
2025-08-04 07:32:02+00:00,http://flux-node4.av.it.pt:8080/metrics,61828506.0
2025-08-04 07:33:02+00:00,http://flux-node4.av.it.pt:8080/metrics,66674698.0
2025-08-04 07:33:02+00:00,http://flux-node3.av.it.pt:8080/metrics,78518081.0
2025-08-04 07:33:02+00:00,http://flux-node5.av.it.pt:8080/metrics,68477551.0
2025-08-04 07:34:02+00:00,http://flux-node3.av.it.pt:8080/metrics,81193958.0
2025-08-04 07:34:02+00:00,http://flux-node4.av.it.pt:8080/metrics,62454259.0
2025-08-04 07:34:02+00:00,http://flux-node5.av.it.pt:8080/metrics,67279821.0
2025-08-04 07:35:02+00:00,http://flux-node3.av.it.pt:8080/metrics,75331908.0
2025-08-04 07:35:03+00:00,http://flux-node5.av.it.pt:8080/metrics,68842009.0
2025-08-04 07:36:02+00:00,http://flux-node4.av.it.pt:8080/metrics,60872585.0
2025-08-04 07:36:02+00:00,http://flux-node3.av.it.pt:8080/metrics,70481620.0
2025-08-04 07:36:02+00:00,http://flux-node5.av.it.pt:8080/metrics,70383265.0
2025-08-04 07:37:02+00:00,http://flux-node4.av.it.pt:8080/metrics,62045570.0
2025-08-04 07:37:02+00:00,http://flux-node3.av.it.pt:8080/metrics,74054537.0
2025-08-04 07:37:02+00:00,http://flux-node5.av.it.pt:8080/metrics,70226199.0
2025-08-04 07:38:02+00:00,http://flux-node5.av.it.pt:8080/metrics,69667735.0
2025-08-04 07:38:02+00:00,http://flux-node3.av.it.pt:8080/metrics,68260322.0
2025-08-04 07:38:03+00:00,http://flux-node4.av.it.pt:8080/metrics,61478973.0
2025-08-04 07:39:02+00:00,http://flux-node5.av.it.pt:8080/metrics,67779990.0
2025-08-04 07:39:02+00:00,http://flux-node3.av.it.pt:8080/metrics,69151800.0
2025-08-04 07:39:02+00:00,http://flux-node4.av.it.pt:8080/metrics,61409242.0
2025-08-04 07:40:02+00:00,http://flux-node3.av.it.pt:8080/metrics,71085487.0
2025-08-04 07:40:02+00:00,http://flux-node5.av.it.pt:8080/metrics,66995376.0
2025-08-04 07:40:02+00:00,http://flux-node4.av.it.pt:8080/metrics,60991132.0
2025-08-04 07:41:02+00:00,http://flux-node3.av.it.pt:8080/metrics,74216745.0
2025-08-04 07:41:02+00:00,http://flux-node5.av.it.pt:8080/metrics,66802126.0
2025-08-04 07:41:02+00:00,http://flux-node4.av.it.pt:8080/metrics,62341746.0
2025-08-04 07:42:02+00:00,http://flux-node3.av.it.pt:8080/metrics,74204570.0
2025-08-04 07:42:02+00:00,http://flux-node5.av.it.pt:8080/metrics,67910747.0
2025-08-04 07:42:02+00:00,http://flux-node4.av.it.pt:8080/metrics,61383812.0
2025-08-04 07:43:01+00:00,http://flux-node4.av.it.pt:8080/metrics,61862359.0
2025-08-04 07:43:02+00:00,http://flux-node5.av.it.pt:8080/metrics,67951125.0
2025-08-04 07:43:02+00:00,http://flux-node3.av.it.pt:8080/metrics,74914726.0
2025-08-04 07:44:02+00:00,http://flux-node5.av.it.pt:8080/metrics,70489207.0
2025-08-04 07:44:02+00:00,http://flux-node4.av.it.pt:8080/metrics,62297523.0
2025-08-04 07:44:02+00:00,http://flux-node3.av.it.pt:8080/metrics,80163660.0
2025-08-04 07:45:02+00:00,http://flux-node3.av.it.pt:8080/metrics,71802697.0
2025-08-04 07:46:00+00:00,http://flux-node4.av.it.pt:8080/metrics,61573933.0
2025-08-04 07:47:02+00:00,http://flux-node5.av.it.pt:8080/metrics,69206056.0
2025-08-04 07:47:02+00:00,http://flux-node3.av.it.pt:8080/metrics,77544663.0
2025-08-04 07:47:02+00:00,http://flux-node4.av.it.pt:8080/metrics,61365208.0
2025-08-04 07:48:02+00:00,http://flux-node5.av.it.pt:8080/metrics,68386795.0
2025-08-04 07:48:02+00:00,http://flux-node3.av.it.pt:8080/metrics,86093089.0
2025-08-04 07:48:02+00:00,http://flux-node4.av.it.pt:8080/metrics,61630561.0
2025-08-04 07:49:02+00:00,http://flux-node3.av.it.pt:8080/metrics,89607772.0
2025-08-04 07:49:02+00:00,http://flux-node5.av.it.pt:8080/metrics,67554815.0
2025-08-04 07:49:03+00:00,http://flux-node4.av.it.pt:8080/metrics,60489425.0
2025-08-04 07:50:02+00:00,http://flux-node3.av.it.pt:8080/metrics,69803838.0
2025-08-04 07:50:02+00:00,http://flux-node4.av.it.pt:8080/metrics,62558877.0
2025-08-04 07:51:02+00:00,http://flux-node4.av.it.pt:8080/metrics,61918019.0
2025-08-04 07:51:02+00:00,http://flux-node5.av.it.pt:8080/metrics,67036364.0
2025-08-04 07:51:03+00:00,http://flux-node3.av.it.pt:8080/metrics,79364248.0
2025-08-04 07:52:02+00:00,http://flux-node3.av.it.pt:8080/metrics,77862249.0
2025-08-04 07:52:02+00:00,http://flux-node4.av.it.pt:8080/metrics,61861917.0
2025-08-04 07:52:02+00:00,http://flux-node5.av.it.pt:8080/metrics,68688236.0
2025-08-04 07:53:02+00:00,http://flux-node3.av.it.pt:8080/metrics,86161700.0
2025-08-04 07:53:02+00:00,http://flux-node4.av.it.pt:8080/metrics,62583209.0
2025-08-04 07:53:02+00:00,http://flux-node5.av.it.pt:8080/metrics,71047058.0
2025-08-04 07:54:01+00:00,http://flux-node3.av.it.pt:8080/metrics,86813946.0
2025-08-04 07:54:02+00:00,http://flux-node5.av.it.pt:8080/metrics,69744701.0
2025-08-04 07:54:02+00:00,http://flux-node4.av.it.pt:8080/metrics,62630041.0
2025-08-04 07:55:02+00:00,http://flux-node5.av.it.pt:8080/metrics,69872525.0
2025-08-04 07:55:02+00:00,http://flux-node4.av.it.pt:8080/metrics,60667973.0
2025-08-04 07:55:02+00:00,http://flux-node3.av.it.pt:8080/metrics,94058704.0
2025-08-04 07:56:02+00:00,http://flux-node5.av.it.pt:8080/metrics,68042797.0
2025-08-04 07:56:02+00:00,http://flux-node4.av.it.pt:8080/metrics,61510193.0
2025-08-04 07:56:03+00:00,http://flux-node3.av.it.pt:8080/metrics,74687070.0
2025-08-04 07:57:02+00:00,http://flux-node3.av.it.pt:8080/metrics,87432523.0
2025-08-04 07:57:02+00:00,http://flux-node4.av.it.pt:8080/metrics,61714047.0
2025-08-04 07:57:02+00:00,http://flux-node5.av.it.pt:8080/metrics,67993283.0
2025-08-04 07:58:01+00:00,http://flux-node4.av.it.pt:8080/metrics,61146990.0
2025-08-04 07:58:02+00:00,http://flux-node3.av.it.pt:8080/metrics,88095743.0
2025-08-04 07:58:02+00:00,http://flux-node5.av.it.pt:8080/metrics,71178163.0
2025-08-04 07:59:02+00:00,http://flux-node3.av.it.pt:8080/metrics,71379392.0
2025-08-04 07:59:02+00:00,http://flux-node5.av.it.pt:8080/metrics,71816094.0
2025-08-04 07:59:03+00:00,http://flux-node4.av.it.pt:8080/metrics,60844474.0
2025-08-04 08:00:01+00:00,http://flux-node4.av.it.pt:8080/metrics,62004823.0
2025-08-04 08:00:02+00:00,http://flux-node3.av.it.pt:8080/metrics,79187303.0
2025-08-04 08:01:01+00:00,http://flux-node5.av.it.pt:8080/metrics,69103536.0
2025-08-04 08:02:01+00:00,http://flux-node4.av.it.pt:8080/metrics,61925055.0
2025-08-04 08:02:02+00:00,http://flux-node3.av.it.pt:8080/metrics,83951215.0
2025-08-04 08:02:02+00:00,http://flux-node5.av.it.pt:8080/metrics,69626400.0
2025-08-04 08:03:02+00:00,http://flux-node4.av.it.pt:8080/metrics,64658892.0
2025-08-04 08:03:02+00:00,http://flux-node5.av.it.pt:8080/metrics,72605229.0
2025-08-04 08:03:03+00:00,http://flux-node3.av.it.pt:8080/metrics,76710368.0
2025-08-04 08:04:03+00:00,http://flux-node5.av.it.pt:8080/metrics,71505833.0
2025-08-04 08:04:03+00:00,http://flux-node3.av.it.pt:8080/metrics,81844566.0
2025-08-04 08:05:02+00:00,http://flux-node5.av.it.pt:8080/metrics,67690708.0
2025-08-04 08:05:02+00:00,http://flux-node3.av.it.pt:8080/metrics,71574216.0
2025-08-04 08:05:02+00:00,http://flux-node4.av.it.pt:8080/metrics,65005028.0
2025-08-04 08:06:02+00:00,http://flux-node5.av.it.pt:8080/metrics,67025949.0
2025-08-04 08:06:02+00:00,http://flux-node3.av.it.pt:8080/metrics,72369491.0
2025-08-04 08:06:02+00:00,http://flux-node4.av.it.pt:8080/metrics,61939671.0
2025-08-04 08:07:02+00:00,http://flux-node5.av.it.pt:8080/metrics,65986895.0
2025-08-04 08:07:02+00:00,http://flux-node4.av.it.pt:8080/metrics,61594588.0
2025-08-04 08:07:02+00:00,http://flux-node3.av.it.pt:8080/metrics,70124349.0
2025-08-04 08:08:01+00:00,http://flux-node4.av.it.pt:8080/metrics,61102964.0
2025-08-04 08:08:02+00:00,http://flux-node3.av.it.pt:8080/metrics,74727182.0
2025-08-04 08:08:03+00:00,http://flux-node5.av.it.pt:8080/metrics,66969917.0
2025-08-04 08:09:02+00:00,http://flux-node4.av.it.pt:8080/metrics,60921487.0
2025-08-04 08:09:02+00:00,http://flux-node5.av.it.pt:8080/metrics,68139440.0
2025-08-04 08:09:02+00:00,http://flux-node3.av.it.pt:8080/metrics,75943654.0
2025-08-04 08:10:02+00:00,http://flux-node3.av.it.pt:8080/metrics,76260032.0
2025-08-04 08:10:02+00:00,http://flux-node5.av.it.pt:8080/metrics,70403387.0
2025-08-04 08:10:02+00:00,http://flux-node4.av.it.pt:8080/metrics,61851825.0
2025-08-04 08:11:02+00:00,http://flux-node3.av.it.pt:8080/metrics,79070527.0
2025-08-04 08:11:02+00:00,http://flux-node4.av.it.pt:8080/metrics,62258313.0
2025-08-04 08:11:02+00:00,http://flux-node5.av.it.pt:8080/metrics,70510977.0
2025-08-04 08:12:02+00:00,http://flux-node3.av.it.pt:8080/metrics,74616583.0
2025-08-04 08:12:02+00:00,http://flux-node4.av.it.pt:8080/metrics,61957371.0
2025-08-04 08:12:02+00:00,http://flux-node5.av.it.pt:8080/metrics,69636509.0
2025-08-04 08:13:02+00:00,http://flux-node3.av.it.pt:8080/metrics,72845945.0
2025-08-04 08:13:02+00:00,http://flux-node4.av.it.pt:8080/metrics,62443170.0
2025-08-04 08:13:02+00:00,http://flux-node5.av.it.pt:8080/metrics,68672016.0
2025-08-04 08:14:02+00:00,http://flux-node4.av.it.pt:8080/metrics,61007313.0
2025-08-04 08:14:03+00:00,http://flux-node5.av.it.pt:8080/metrics,67286498.0
2025-08-04 08:14:03+00:00,http://flux-node3.av.it.pt:8080/metrics,77415851.0
2025-08-04 08:15:02+00:00,http://flux-node3.av.it.pt:8080/metrics,83063798.0
2025-08-04 08:15:02+00:00,http://flux-node4.av.it.pt:8080/metrics,60750225.0
2025-08-04 08:16:01+00:00,http://flux-node5.av.it.pt:8080/metrics,67485486.0
2025-08-04 08:17:02+00:00,http://flux-node4.av.it.pt:8080/metrics,60339506.0
2025-08-04 08:17:02+00:00,http://flux-node3.av.it.pt:8080/metrics,69186324.0
2025-08-04 08:17:02+00:00,http://flux-node5.av.it.pt:8080/metrics,67465884.0
2025-08-04 08:18:02+00:00,http://flux-node3.av.it.pt:8080/metrics,85173210.0
2025-08-04 08:18:02+00:00,http://flux-node4.av.it.pt:8080/metrics,60929547.0
2025-08-04 08:18:03+00:00,http://flux-node5.av.it.pt:8080/metrics,68066237.0
2025-08-04 08:19:02+00:00,http://flux-node3.av.it.pt:8080/metrics,86180631.0
2025-08-04 08:19:02+00:00,http://flux-node4.av.it.pt:8080/metrics,61775734.0
2025-08-04 08:19:03+00:00,http://flux-node5.av.it.pt:8080/metrics,69268634.0
2025-08-04 08:20:02+00:00,http://flux-node4.av.it.pt:8080/metrics,61299452.0
2025-08-04 08:20:02+00:00,http://flux-node5.av.it.pt:8080/metrics,69561470.0
2025-08-04 08:20:03+00:00,http://flux-node3.av.it.pt:8080/metrics,73989519.0
2025-08-04 08:21:02+00:00,http://flux-node4.av.it.pt:8080/metrics,61240154.0
2025-08-04 08:21:03+00:00,http://flux-node5.av.it.pt:8080/metrics,69954365.0
2025-08-04 08:21:03+00:00,http://flux-node3.av.it.pt:8080/metrics,77709968.0
2025-08-04 08:22:02+00:00,http://flux-node4.av.it.pt:8080/metrics,60363164.0
2025-08-04 08:22:02+00:00,http://flux-node5.av.it.pt:8080/metrics,67830945.0
2025-08-04 08:22:02+00:00,http://flux-node3.av.it.pt:8080/metrics,74743667.0
2025-08-04 08:23:01+00:00,http://flux-node3.av.it.pt:8080/metrics,71071637.0
2025-08-04 08:23:02+00:00,http://flux-node5.av.it.pt:8080/metrics,67525811.0
2025-08-04 08:23:02+00:00,http://flux-node4.av.it.pt:8080/metrics,59323739.0
2025-08-04 08:24:02+00:00,http://flux-node3.av.it.pt:8080/metrics,70957284.0
2025-08-04 08:24:02+00:00,http://flux-node4.av.it.pt:8080/metrics,60938642.0
2025-08-04 08:25:01+00:00,http://flux-node3.av.it.pt:8080/metrics,69577879.0
2025-08-04 08:25:01+00:00,http://flux-node5.av.it.pt:8080/metrics,67258465.0
2025-08-04 08:25:02+00:00,http://flux-node4.av.it.pt:8080/metrics,60701354.0
2025-08-04 08:26:02+00:00,http://flux-node5.av.it.pt:8080/metrics,69344467.0
2025-08-04 08:26:02+00:00,http://flux-node4.av.it.pt:8080/metrics,61558234.0
2025-08-04 08:26:02+00:00,http://flux-node3.av.it.pt:8080/metrics,69427898.0
2025-08-04 08:27:02+00:00,http://flux-node3.av.it.pt:8080/metrics,66054662.0
2025-08-04 08:27:02+00:00,http://flux-node5.av.it.pt:8080/metrics,69116305.0
2025-08-04 08:27:02+00:00,http://flux-node4.av.it.pt:8080/metrics,61360442.0
2025-08-04 08:28:01+00:00,http://flux-node4.av.it.pt:8080/metrics,61514316.0
2025-08-04 08:28:02+00:00,http://flux-node5.av.it.pt:8080/metrics,70140543.0
2025-08-04 08:28:02+00:00,http://flux-node3.av.it.pt:8080/metrics,66505111.0
2025-08-04 08:29:02+00:00,http://flux-node4.av.it.pt:8080/metrics,61698069.0
2025-08-04 08:29:02+00:00,http://flux-node3.av.it.pt:8080/metrics,73462633.0
2025-08-04 08:29:02+00:00,http://flux-node5.av.it.pt:8080/metrics,69862995.0
2025-08-04 08:30:01+00:00,http://flux-node4.av.it.pt:8080/metrics,60653580.0
2025-08-04 08:30:02+00:00,http://flux-node3.av.it.pt:8080/metrics,77095442.0
2025-08-04 08:31:00+00:00,http://flux-node5.av.it.pt:8080/metrics,72083795.0
2025-08-04 08:32:02+00:00,http://flux-node4.av.it.pt:8080/metrics,60870329.0
2025-08-04 08:32:02+00:00,http://flux-node5.av.it.pt:8080/metrics,68294294.0
2025-08-04 08:32:02+00:00,http://flux-node3.av.it.pt:8080/metrics,87225894.0
2025-08-04 08:33:02+00:00,http://flux-node3.av.it.pt:8080/metrics,86344752.0
2025-08-04 08:33:02+00:00,http://flux-node4.av.it.pt:8080/metrics,61437152.0
2025-08-04 08:33:02+00:00,http://flux-node5.av.it.pt:8080/metrics,67362956.0
2025-08-04 08:34:02+00:00,http://flux-node5.av.it.pt:8080/metrics,66593008.0
2025-08-04 08:34:02+00:00,http://flux-node3.av.it.pt:8080/metrics,96014922.0
2025-08-04 08:34:03+00:00,http://flux-node4.av.it.pt:8080/metrics,60190847.0
2025-08-04 08:35:01+00:00,http://flux-node5.av.it.pt:8080/metrics,67145023.0
2025-08-04 08:35:02+00:00,http://flux-node3.av.it.pt:8080/metrics,94907222.0
2025-08-04 08:35:02+00:00,http://flux-node4.av.it.pt:8080/metrics,62100055.0
2025-08-04 08:36:02+00:00,http://flux-node5.av.it.pt:8080/metrics,70007023.0
2025-08-04 08:36:02+00:00,http://flux-node4.av.it.pt:8080/metrics,66702532.0
2025-08-04 08:36:02+00:00,http://flux-node3.av.it.pt:8080/metrics,89913773.0
2025-08-04 08:37:03+00:00,http://flux-node4.av.it.pt:8080/metrics,60977589.0
2025-08-04 08:37:03+00:00,http://flux-node5.av.it.pt:8080/metrics,71434005.0
2025-08-04 08:37:03+00:00,http://flux-node3.av.it.pt:8080/metrics,94036312.0
2025-08-04 08:38:01+00:00,http://flux-node4.av.it.pt:8080/metrics,61980556.0
2025-08-04 08:38:02+00:00,http://flux-node3.av.it.pt:8080/metrics,85292674.0
2025-08-04 08:38:02+00:00,http://flux-node5.av.it.pt:8080/metrics,69938409.0
2025-08-04 08:39:02+00:00,http://flux-node5.av.it.pt:8080/metrics,69168474.0
2025-08-04 08:39:02+00:00,http://flux-node3.av.it.pt:8080/metrics,94302177.0
2025-08-04 08:39:02+00:00,http://flux-node4.av.it.pt:8080/metrics,61284458.0
2025-08-04 08:40:02+00:00,http://flux-node5.av.it.pt:8080/metrics,66938476.0
2025-08-04 08:40:02+00:00,http://flux-node4.av.it.pt:8080/metrics,60672442.0
2025-08-04 08:40:03+00:00,http://flux-node3.av.it.pt:8080/metrics,87146737.0
2025-08-04 08:41:02+00:00,http://flux-node5.av.it.pt:8080/metrics,67077361.0
2025-08-04 08:41:02+00:00,http://flux-node3.av.it.pt:8080/metrics,86909732.0
2025-08-04 08:41:02+00:00,http://flux-node4.av.it.pt:8080/metrics,60962372.0
2025-08-04 08:42:02+00:00,http://flux-node5.av.it.pt:8080/metrics,68747130.0
2025-08-04 08:42:02+00:00,http://flux-node3.av.it.pt:8080/metrics,72929929.0
2025-08-04 08:42:02+00:00,http://flux-node4.av.it.pt:8080/metrics,60642331.0
2025-08-04 08:43:02+00:00,http://flux-node5.av.it.pt:8080/metrics,67892222.0
2025-08-04 08:43:02+00:00,http://flux-node3.av.it.pt:8080/metrics,80334721.0
2025-08-04 08:43:02+00:00,http://flux-node4.av.it.pt:8080/metrics,60669296.0
2025-08-04 08:44:02+00:00,http://flux-node3.av.it.pt:8080/metrics,71358483.0
2025-08-04 08:44:02+00:00,http://flux-node4.av.it.pt:8080/metrics,61324449.0
2025-08-04 08:44:02+00:00,http://flux-node5.av.it.pt:8080/metrics,68774179.0
2025-08-04 08:46:00+00:00,http://flux-node3.av.it.pt:8080/metrics,84541484.0
2025-08-04 08:46:01+00:00,http://flux-node4.av.it.pt:8080/metrics,61431048.0
2025-08-04 08:46:01+00:00,http://flux-node5.av.it.pt:8080/metrics,70168061.0
2025-08-04 08:47:01+00:00,http://flux-node5.av.it.pt:8080/metrics,69253970.0
2025-08-04 08:47:02+00:00,http://flux-node3.av.it.pt:8080/metrics,75675692.0
2025-08-04 08:47:02+00:00,http://flux-node4.av.it.pt:8080/metrics,60278419.0
2025-08-04 08:48:02+00:00,http://flux-node4.av.it.pt:8080/metrics,60485128.0
2025-08-04 08:48:02+00:00,http://flux-node5.av.it.pt:8080/metrics,69569421.0
2025-08-04 08:48:02+00:00,http://flux-node3.av.it.pt:8080/metrics,86571635.0
2025-08-04 08:49:01+00:00,http://flux-node4.av.it.pt:8080/metrics,60271548.0
2025-08-04 08:49:02+00:00,http://flux-node5.av.it.pt:8080/metrics,67822764.0
2025-08-04 08:49:02+00:00,http://flux-node3.av.it.pt:8080/metrics,74568458.0
2025-08-04 08:50:02+00:00,http://flux-node3.av.it.pt:8080/metrics,86193232.0
2025-08-04 08:50:02+00:00,http://flux-node4.av.it.pt:8080/metrics,60612970.0
2025-08-04 08:50:02+00:00,http://flux-node5.av.it.pt:8080/metrics,67483025.0
2025-08-04 08:51:02+00:00,http://flux-node3.av.it.pt:8080/metrics,75139170.0
2025-08-04 08:51:02+00:00,http://flux-node4.av.it.pt:8080/metrics,60630220.0
2025-08-04 08:51:02+00:00,http://flux-node5.av.it.pt:8080/metrics,68435999.0
2025-08-04 08:52:02+00:00,http://flux-node3.av.it.pt:8080/metrics,83467615.0
2025-08-04 08:52:02+00:00,http://flux-node5.av.it.pt:8080/metrics,67286043.0
2025-08-04 08:52:02+00:00,http://flux-node4.av.it.pt:8080/metrics,60727443.0
2025-08-04 08:53:01+00:00,http://flux-node3.av.it.pt:8080/metrics,77865296.0
2025-08-04 08:53:02+00:00,http://flux-node4.av.it.pt:8080/metrics,60704641.0
2025-08-04 08:53:02+00:00,http://flux-node5.av.it.pt:8080/metrics,71480675.0
2025-08-04 08:54:02+00:00,http://flux-node4.av.it.pt:8080/metrics,60698809.0
2025-08-04 08:54:02+00:00,http://flux-node5.av.it.pt:8080/metrics,70423090.0
2025-08-04 08:54:02+00:00,http://flux-node3.av.it.pt:8080/metrics,81136044.0
2025-08-04 08:55:02+00:00,http://flux-node3.av.it.pt:8080/metrics,78369822.0
2025-08-04 08:55:02+00:00,http://flux-node4.av.it.pt:8080/metrics,62118452.0
2025-08-04 08:55:02+00:00,http://flux-node5.av.it.pt:8080/metrics,70760772.0
2025-08-04 08:56:02+00:00,http://flux-node5.av.it.pt:8080/metrics,70441020.0
2025-08-04 08:56:02+00:00,http://flux-node3.av.it.pt:8080/metrics,72011516.0
2025-08-04 08:56:02+00:00,http://flux-node4.av.it.pt:8080/metrics,60876274.0
2025-08-04 08:57:02+00:00,http://flux-node3.av.it.pt:8080/metrics,79293358.0
2025-08-04 08:57:02+00:00,http://flux-node5.av.it.pt:8080/metrics,68234218.0
2025-08-04 08:57:02+00:00,http://flux-node4.av.it.pt:8080/metrics,60743935.0
2025-08-04 08:58:02+00:00,http://flux-node4.av.it.pt:8080/metrics,60639297.0
2025-08-04 08:58:03+00:00,http://flux-node5.av.it.pt:8080/metrics,66938490.0
2025-08-04 08:58:03+00:00,http://flux-node3.av.it.pt:8080/metrics,79810213.0
2025-08-04 08:59:02+00:00,http://flux-node4.av.it.pt:8080/metrics,60129117.0
2025-08-04 08:59:02+00:00,http://flux-node5.av.it.pt:8080/metrics,68469386.0
2025-08-04 08:59:03+00:00,http://flux-node3.av.it.pt:8080/metrics,85869826.0
2025-08-04 09:01:00+00:00,http://flux-node3.av.it.pt:8080/metrics,85567124.0
2025-08-04 09:01:01+00:00,http://flux-node4.av.it.pt:8080/metrics,62253174.0
2025-08-04 09:01:01+00:00,http://flux-node5.av.it.pt:8080/metrics,68577770.0
2025-08-04 09:02:02+00:00,http://flux-node4.av.it.pt:8080/metrics,62391524.0
2025-08-04 09:02:02+00:00,http://flux-node3.av.it.pt:8080/metrics,77383828.0
2025-08-04 09:02:02+00:00,http://flux-node5.av.it.pt:8080/metrics,72906316.0
2025-08-04 09:03:01+00:00,http://flux-node4.av.it.pt:8080/metrics,63158361.0
2025-08-04 09:03:02+00:00,http://flux-node5.av.it.pt:8080/metrics,74061090.0
2025-08-04 09:03:02+00:00,http://flux-node3.av.it.pt:8080/metrics,85076577.0
2025-08-04 09:04:02+00:00,http://flux-node5.av.it.pt:8080/metrics,72924461.0
2025-08-04 09:04:02+00:00,http://flux-node4.av.it.pt:8080/metrics,61608277.0
2025-08-04 09:04:02+00:00,http://flux-node3.av.it.pt:8080/metrics,76970651.0
2025-08-04 09:05:02+00:00,http://flux-node4.av.it.pt:8080/metrics,60082790.0
2025-08-04 09:05:02+00:00,http://flux-node3.av.it.pt:8080/metrics,71434178.0
2025-08-04 09:05:02+00:00,http://flux-node5.av.it.pt:8080/metrics,70396768.0
2025-08-04 09:06:02+00:00,http://flux-node3.av.it.pt:8080/metrics,69693754.0
2025-08-04 09:06:03+00:00,http://flux-node4.av.it.pt:8080/metrics,61324169.0
2025-08-04 09:06:03+00:00,http://flux-node5.av.it.pt:8080/metrics,68392674.0
2025-08-04 09:07:02+00:00,http://flux-node3.av.it.pt:8080/metrics,66649306.0
2025-08-04 09:07:02+00:00,http://flux-node5.av.it.pt:8080/metrics,68556695.0
2025-08-04 09:07:02+00:00,http://flux-node4.av.it.pt:8080/metrics,65742106.0
2025-08-04 09:08:02+00:00,http://flux-node5.av.it.pt:8080/metrics,69307216.0
2025-08-04 09:08:02+00:00,http://flux-node4.av.it.pt:8080/metrics,60640133.0
2025-08-04 09:08:02+00:00,http://flux-node3.av.it.pt:8080/metrics,69075213.0
2025-08-04 09:09:01+00:00,http://flux-node5.av.it.pt:8080/metrics,68230259.0
2025-08-04 09:09:02+00:00,http://flux-node3.av.it.pt:8080/metrics,73035757.0
2025-08-04 09:09:02+00:00,http://flux-node4.av.it.pt:8080/metrics,61253199.0
2025-08-04 09:10:02+00:00,http://flux-node3.av.it.pt:8080/metrics,67229858.0
2025-08-04 09:10:02+00:00,http://flux-node4.av.it.pt:8080/metrics,61404502.0
2025-08-04 09:10:02+00:00,http://flux-node5.av.it.pt:8080/metrics,69497522.0
2025-08-04 09:11:02+00:00,http://flux-node4.av.it.pt:8080/metrics,61241174.0
2025-08-04 09:11:02+00:00,http://flux-node5.av.it.pt:8080/metrics,70460813.0
2025-08-04 09:11:02+00:00,http://flux-node3.av.it.pt:8080/metrics,76728093.0
2025-08-04 09:12:02+00:00,http://flux-node5.av.it.pt:8080/metrics,70376611.0
2025-08-04 09:12:02+00:00,http://flux-node4.av.it.pt:8080/metrics,61814589.0
2025-08-04 09:12:02+00:00,http://flux-node3.av.it.pt:8080/metrics,76523115.0
2025-08-04 09:13:02+00:00,http://flux-node3.av.it.pt:8080/metrics,74779385.0
2025-08-04 09:13:02+00:00,http://flux-node4.av.it.pt:8080/metrics,60131988.0
2025-08-04 09:13:02+00:00,http://flux-node5.av.it.pt:8080/metrics,70499515.0
2025-08-04 09:14:02+00:00,http://flux-node3.av.it.pt:8080/metrics,70901318.0
2025-08-04 09:14:02+00:00,http://flux-node5.av.it.pt:8080/metrics,69898309.0
2025-08-04 09:14:02+00:00,http://flux-node4.av.it.pt:8080/metrics,60880054.0
2025-08-04 09:16:00+00:00,http://flux-node4.av.it.pt:8080/metrics,62341725.0
2025-08-04 09:16:01+00:00,http://flux-node5.av.it.pt:8080/metrics,67758251.0
2025-08-04 09:16:01+00:00,http://flux-node3.av.it.pt:8080/metrics,76304893.0
2025-08-04 09:17:02+00:00,http://flux-node5.av.it.pt:8080/metrics,67652841.0
2025-08-04 09:17:02+00:00,http://flux-node4.av.it.pt:8080/metrics,61277772.0
2025-08-04 09:17:02+00:00,http://flux-node3.av.it.pt:8080/metrics,81192087.0
2025-08-04 09:18:01+00:00,http://flux-node3.av.it.pt:8080/metrics,82744919.0
2025-08-04 09:18:02+00:00,http://flux-node5.av.it.pt:8080/metrics,68386820.0
2025-08-04 09:18:02+00:00,http://flux-node4.av.it.pt:8080/metrics,61082289.0
2025-08-04 09:19:02+00:00,http://flux-node5.av.it.pt:8080/metrics,69074431.0
2025-08-04 09:19:02+00:00,http://flux-node4.av.it.pt:8080/metrics,60364644.0
2025-08-04 09:19:02+00:00,http://flux-node3.av.it.pt:8080/metrics,84591736.0
2025-08-04 09:20:02+00:00,http://flux-node4.av.it.pt:8080/metrics,60900696.0
2025-08-04 09:20:03+00:00,http://flux-node5.av.it.pt:8080/metrics,70240064.0
2025-08-04 09:20:03+00:00,http://flux-node3.av.it.pt:8080/metrics,87631580.0
2025-08-04 09:21:01+00:00,http://flux-node5.av.it.pt:8080/metrics,71369303.0
2025-08-04 09:21:01+00:00,http://flux-node3.av.it.pt:8080/metrics,79160008.0
2025-08-04 09:21:02+00:00,http://flux-node4.av.it.pt:8080/metrics,62818160.0
2025-08-04 09:22:02+00:00,http://flux-node4.av.it.pt:8080/metrics,61698924.0
2025-08-04 09:22:02+00:00,http://flux-node3.av.it.pt:8080/metrics,80430476.0
2025-08-04 09:22:02+00:00,http://flux-node5.av.it.pt:8080/metrics,70032360.0
2025-08-04 09:23:02+00:00,http://flux-node4.av.it.pt:8080/metrics,60793928.0
2025-08-04 09:23:02+00:00,http://flux-node5.av.it.pt:8080/metrics,69030711.0
2025-08-04 09:23:02+00:00,http://flux-node3.av.it.pt:8080/metrics,70975294.0
2025-08-04 09:24:02+00:00,http://flux-node5.av.it.pt:8080/metrics,67875821.0
2025-08-04 09:24:02+00:00,http://flux-node4.av.it.pt:8080/metrics,60990997.0
2025-08-04 09:24:02+00:00,http://flux-node3.av.it.pt:8080/metrics,68445515.0
2025-08-04 09:25:02+00:00,http://flux-node4.av.it.pt:8080/metrics,60727911.0
2025-08-04 09:25:02+00:00,http://flux-node3.av.it.pt:8080/metrics,74360540.0
2025-08-04 09:25:02+00:00,http://flux-node5.av.it.pt:8080/metrics,67581721.0
2025-08-04 09:26:02+00:00,http://flux-node3.av.it.pt:8080/metrics,93220058.0
2025-08-04 09:26:02+00:00,http://flux-node5.av.it.pt:8080/metrics,70257688.0
2025-08-04 09:26:02+00:00,http://flux-node4.av.it.pt:8080/metrics,60936541.0
2025-08-04 09:27:02+00:00,http://flux-node4.av.it.pt:8080/metrics,61492987.0
2025-08-04 09:27:02+00:00,http://flux-node3.av.it.pt:8080/metrics,90306111.0
2025-08-04 09:27:03+00:00,http://flux-node5.av.it.pt:8080/metrics,68113484.0
2025-08-04 09:28:02+00:00,http://flux-node4.av.it.pt:8080/metrics,60955494.0
2025-08-04 09:28:02+00:00,http://flux-node3.av.it.pt:8080/metrics,79731702.0
2025-08-04 09:28:02+00:00,http://flux-node5.av.it.pt:8080/metrics,71264687.0
2025-08-04 09:29:02+00:00,http://flux-node4.av.it.pt:8080/metrics,61509736.0
2025-08-04 09:29:02+00:00,http://flux-node3.av.it.pt:8080/metrics,90449040.0
2025-08-04 09:29:02+00:00,http://flux-node5.av.it.pt:8080/metrics,70371017.0
2025-08-04 09:30:02+00:00,http://flux-node4.av.it.pt:8080/metrics,62025695.0
2025-08-04 09:30:02+00:00,http://flux-node3.av.it.pt:8080/metrics,73823068.0
2025-08-04 09:31:00+00:00,http://flux-node5.av.it.pt:8080/metrics,70326332.0
2025-08-04 09:32:02+00:00,http://flux-node5.av.it.pt:8080/metrics,68366553.0
2025-08-04 09:32:02+00:00,http://flux-node4.av.it.pt:8080/metrics,60949287.0
2025-08-04 09:32:02+00:00,http://flux-node3.av.it.pt:8080/metrics,87044383.0
2025-08-04 09:33:02+00:00,http://flux-node3.av.it.pt:8080/metrics,74434487.0
2025-08-04 09:33:02+00:00,http://flux-node5.av.it.pt:8080/metrics,66913087.0
2025-08-04 09:33:02+00:00,http://flux-node4.av.it.pt:8080/metrics,61701802.0
2025-08-04 09:34:02+00:00,http://flux-node5.av.it.pt:8080/metrics,69863237.0
2025-08-04 09:34:02+00:00,http://flux-node3.av.it.pt:8080/metrics,89509380.0
2025-08-04 09:34:02+00:00,http://flux-node4.av.it.pt:8080/metrics,62016072.0
2025-08-04 09:35:02+00:00,http://flux-node3.av.it.pt:8080/metrics,82809334.0
2025-08-04 09:35:02+00:00,http://flux-node4.av.it.pt:8080/metrics,61060398.0
2025-08-04 09:35:03+00:00,http://flux-node5.av.it.pt:8080/metrics,72378544.0
2025-08-04 09:36:02+00:00,http://flux-node5.av.it.pt:8080/metrics,70487261.0
2025-08-04 09:36:02+00:00,http://flux-node3.av.it.pt:8080/metrics,71529270.0
2025-08-04 09:36:02+00:00,http://flux-node4.av.it.pt:8080/metrics,61839362.0
2025-08-04 09:37:02+00:00,http://flux-node3.av.it.pt:8080/metrics,72571542.0
2025-08-04 09:37:02+00:00,http://flux-node4.av.it.pt:8080/metrics,62235635.0
2025-08-04 09:37:03+00:00,http://flux-node5.av.it.pt:8080/metrics,71257530.0
2025-08-04 09:38:02+00:00,http://flux-node3.av.it.pt:8080/metrics,73260306.0
2025-08-04 09:38:02+00:00,http://flux-node4.av.it.pt:8080/metrics,67255481.0
2025-08-04 09:39:02+00:00,http://flux-node4.av.it.pt:8080/metrics,63104240.0
2025-08-04 09:39:02+00:00,http://flux-node5.av.it.pt:8080/metrics,70105704.0
2025-08-04 09:39:02+00:00,http://flux-node3.av.it.pt:8080/metrics,74640640.0
2025-08-04 09:40:02+00:00,http://flux-node4.av.it.pt:8080/metrics,60952471.0
2025-08-04 09:40:02+00:00,http://flux-node5.av.it.pt:8080/metrics,70040676.0
2025-08-04 09:40:03+00:00,http://flux-node3.av.it.pt:8080/metrics,76907195.0
2025-08-04 09:41:02+00:00,http://flux-node3.av.it.pt:8080/metrics,83906445.0
2025-08-04 09:41:02+00:00,http://flux-node5.av.it.pt:8080/metrics,68861388.0
2025-08-04 09:41:03+00:00,http://flux-node4.av.it.pt:8080/metrics,60071984.0
2025-08-04 09:42:02+00:00,http://flux-node5.av.it.pt:8080/metrics,69430493.0
2025-08-04 09:42:02+00:00,http://flux-node4.av.it.pt:8080/metrics,61948110.0
2025-08-04 09:42:02+00:00,http://flux-node3.av.it.pt:8080/metrics,83191281.0
2025-08-04 09:43:01+00:00,http://flux-node4.av.it.pt:8080/metrics,61007959.0
2025-08-04 09:43:02+00:00,http://flux-node5.av.it.pt:8080/metrics,68385282.0
2025-08-04 09:43:02+00:00,http://flux-node3.av.it.pt:8080/metrics,76436129.0
2025-08-04 09:44:02+00:00,http://flux-node5.av.it.pt:8080/metrics,67856236.0
2025-08-04 09:44:02+00:00,http://flux-node3.av.it.pt:8080/metrics,75775947.0
2025-08-04 09:44:02+00:00,http://flux-node4.av.it.pt:8080/metrics,61264223.0
2025-08-04 09:45:01+00:00,http://flux-node3.av.it.pt:8080/metrics,75162068.0
2025-08-04 09:45:02+00:00,http://flux-node4.av.it.pt:8080/metrics,60317876.0
2025-08-04 09:46:00+00:00,http://flux-node5.av.it.pt:8080/metrics,69855129.0
2025-08-04 09:47:02+00:00,http://flux-node3.av.it.pt:8080/metrics,76654273.0
2025-08-04 09:47:02+00:00,http://flux-node4.av.it.pt:8080/metrics,62430800.0
2025-08-04 09:48:02+00:00,http://flux-node5.av.it.pt:8080/metrics,70857050.0
2025-08-04 09:48:02+00:00,http://flux-node3.av.it.pt:8080/metrics,74689892.0
2025-08-04 09:48:02+00:00,http://flux-node4.av.it.pt:8080/metrics,61995954.0
2025-08-04 09:49:01+00:00,http://flux-node5.av.it.pt:8080/metrics,68595972.0
2025-08-04 09:49:02+00:00,http://flux-node4.av.it.pt:8080/metrics,61636976.0
2025-08-04 09:49:02+00:00,http://flux-node3.av.it.pt:8080/metrics,77436350.0
2025-08-04 09:50:01+00:00,http://flux-node4.av.it.pt:8080/metrics,60331157.0
2025-08-04 09:50:02+00:00,http://flux-node3.av.it.pt:8080/metrics,74729656.0
2025-08-04 09:50:02+00:00,http://flux-node5.av.it.pt:8080/metrics,67062951.0
2025-08-04 09:51:02+00:00,http://flux-node3.av.it.pt:8080/metrics,86904941.0
2025-08-04 09:51:02+00:00,http://flux-node5.av.it.pt:8080/metrics,67783922.0
2025-08-04 09:51:02+00:00,http://flux-node4.av.it.pt:8080/metrics,61147371.0
2025-08-04 09:52:02+00:00,http://flux-node3.av.it.pt:8080/metrics,73117018.0
2025-08-04 09:52:02+00:00,http://flux-node5.av.it.pt:8080/metrics,68019507.0
2025-08-04 09:52:03+00:00,http://flux-node4.av.it.pt:8080/metrics,61021153.0
2025-08-04 09:53:01+00:00,http://flux-node4.av.it.pt:8080/metrics,59967201.0
2025-08-04 09:53:01+00:00,http://flux-node3.av.it.pt:8080/metrics,75911923.0
2025-08-04 09:53:02+00:00,http://flux-node5.av.it.pt:8080/metrics,69786206.0
2025-08-04 09:54:02+00:00,http://flux-node4.av.it.pt:8080/metrics,61455349.0
2025-08-04 09:54:02+00:00,http://flux-node3.av.it.pt:8080/metrics,78879262.0
2025-08-04 09:54:02+00:00,http://flux-node5.av.it.pt:8080/metrics,69711264.0
2025-08-04 09:55:02+00:00,http://flux-node5.av.it.pt:8080/metrics,69430198.0
2025-08-04 09:55:02+00:00,http://flux-node3.av.it.pt:8080/metrics,78969579.0
2025-08-04 09:55:02+00:00,http://flux-node4.av.it.pt:8080/metrics,61770344.0
2025-08-04 09:56:02+00:00,http://flux-node5.av.it.pt:8080/metrics,70598016.0
2025-08-04 09:56:02+00:00,http://flux-node3.av.it.pt:8080/metrics,87023874.0
2025-08-04 09:56:03+00:00,http://flux-node4.av.it.pt:8080/metrics,63890802.0
2025-08-04 09:57:02+00:00,http://flux-node3.av.it.pt:8080/metrics,89361809.0
2025-08-04 09:57:02+00:00,http://flux-node4.av.it.pt:8080/metrics,60434715.0
2025-08-04 09:57:03+00:00,http://flux-node5.av.it.pt:8080/metrics,68943391.0
2025-08-04 09:58:02+00:00,http://flux-node5.av.it.pt:8080/metrics,68398107.0
2025-08-04 09:58:02+00:00,http://flux-node4.av.it.pt:8080/metrics,61223531.0
2025-08-04 09:58:03+00:00,http://flux-node3.av.it.pt:8080/metrics,100011032.0
2025-08-04 09:59:01+00:00,http://flux-node5.av.it.pt:8080/metrics,67761077.0
2025-08-04 09:59:02+00:00,http://flux-node4.av.it.pt:8080/metrics,60472486.0
2025-08-04 09:59:02+00:00,http://flux-node3.av.it.pt:8080/metrics,96714707.0
2025-08-04 10:00:01+00:00,http://flux-node5.av.it.pt:8080/metrics,67857705.0
2025-08-04 10:00:02+00:00,http://flux-node4.av.it.pt:8080/metrics,60703396.0
2025-08-04 10:00:02+00:00,http://flux-node3.av.it.pt:8080/metrics,88048158.0
2025-08-04 10:02:02+00:00,http://flux-node3.av.it.pt:8080/metrics,72875219.0
2025-08-04 10:02:02+00:00,http://flux-node4.av.it.pt:8080/metrics,61876610.0
2025-08-04 10:02:03+00:00,http://flux-node5.av.it.pt:8080/metrics,67496974.0
2025-08-04 10:03:02+00:00,http://flux-node3.av.it.pt:8080/metrics,81481245.0
2025-08-04 10:03:02+00:00,http://flux-node4.av.it.pt:8080/metrics,62906497.0
2025-08-04 10:03:02+00:00,http://flux-node5.av.it.pt:8080/metrics,68996384.0
2025-08-04 10:04:01+00:00,http://flux-node3.av.it.pt:8080/metrics,71540371.0
2025-08-04 10:04:01+00:00,http://flux-node4.av.it.pt:8080/metrics,60437255.0
2025-08-04 10:04:02+00:00,http://flux-node5.av.it.pt:8080/metrics,71053908.0
2025-08-04 10:05:02+00:00,http://flux-node3.av.it.pt:8080/metrics,84074985.0
2025-08-04 10:05:02+00:00,http://flux-node4.av.it.pt:8080/metrics,60458080.0
2025-08-04 10:05:02+00:00,http://flux-node5.av.it.pt:8080/metrics,70013740.0
2025-08-04 10:06:02+00:00,http://flux-node4.av.it.pt:8080/metrics,60786321.0
2025-08-04 10:06:02+00:00,http://flux-node5.av.it.pt:8080/metrics,72082563.0
2025-08-04 10:06:02+00:00,http://flux-node3.av.it.pt:8080/metrics,74390950.0
2025-08-04 10:07:01+00:00,http://flux-node3.av.it.pt:8080/metrics,84624357.0
2025-08-04 10:07:02+00:00,http://flux-node4.av.it.pt:8080/metrics,61254344.0
2025-08-04 10:07:02+00:00,http://flux-node5.av.it.pt:8080/metrics,71040564.0
2025-08-04 10:08:02+00:00,http://flux-node5.av.it.pt:8080/metrics,70470442.0
2025-08-04 10:08:02+00:00,http://flux-node3.av.it.pt:8080/metrics,77450774.0
2025-08-04 10:08:03+00:00,http://flux-node4.av.it.pt:8080/metrics,60826746.0
2025-08-04 10:09:02+00:00,http://flux-node4.av.it.pt:8080/metrics,65496230.0
2025-08-04 10:09:02+00:00,http://flux-node3.av.it.pt:8080/metrics,88750851.0
2025-08-04 10:09:02+00:00,http://flux-node5.av.it.pt:8080/metrics,68863237.0
2025-08-04 10:10:02+00:00,http://flux-node5.av.it.pt:8080/metrics,67376528.0
2025-08-04 10:10:02+00:00,http://flux-node3.av.it.pt:8080/metrics,79650992.0
2025-08-04 10:11:01+00:00,http://flux-node5.av.it.pt:8080/metrics,68512846.0
2025-08-04 10:11:01+00:00,http://flux-node4.av.it.pt:8080/metrics,60094639.0
2025-08-04 10:11:02+00:00,http://flux-node3.av.it.pt:8080/metrics,84530510.0
2025-08-04 10:12:02+00:00,http://flux-node5.av.it.pt:8080/metrics,69752903.0
2025-08-04 10:12:02+00:00,http://flux-node4.av.it.pt:8080/metrics,61557621.0
2025-08-04 10:12:02+00:00,http://flux-node3.av.it.pt:8080/metrics,68890664.0
2025-08-04 10:13:02+00:00,http://flux-node5.av.it.pt:8080/metrics,70021669.0
2025-08-04 10:13:02+00:00,http://flux-node4.av.it.pt:8080/metrics,61634683.0
2025-08-04 10:13:02+00:00,http://flux-node3.av.it.pt:8080/metrics,74198828.0
2025-08-04 10:14:02+00:00,http://flux-node4.av.it.pt:8080/metrics,61205000.0
2025-08-04 10:14:02+00:00,http://flux-node5.av.it.pt:8080/metrics,69193407.0
2025-08-04 10:14:03+00:00,http://flux-node3.av.it.pt:8080/metrics,73179548.0
2025-08-04 10:16:01+00:00,http://flux-node4.av.it.pt:8080/metrics,61129855.0
2025-08-04 10:16:01+00:00,http://flux-node3.av.it.pt:8080/metrics,68644565.0
2025-08-04 10:16:01+00:00,http://flux-node5.av.it.pt:8080/metrics,66777105.0
2025-08-04 10:17:02+00:00,http://flux-node4.av.it.pt:8080/metrics,61234417.0
2025-08-04 10:17:02+00:00,http://flux-node5.av.it.pt:8080/metrics,67731376.0
2025-08-04 10:17:02+00:00,http://flux-node3.av.it.pt:8080/metrics,74460544.0
2025-08-04 10:18:02+00:00,http://flux-node5.av.it.pt:8080/metrics,67786338.0
2025-08-04 10:18:02+00:00,http://flux-node4.av.it.pt:8080/metrics,60946587.0
2025-08-04 10:18:02+00:00,http://flux-node3.av.it.pt:8080/metrics,72309125.0
2025-08-04 10:19:02+00:00,http://flux-node4.av.it.pt:8080/metrics,61021130.0
2025-08-04 10:19:02+00:00,http://flux-node5.av.it.pt:8080/metrics,67223499.0
2025-08-04 10:19:02+00:00,http://flux-node3.av.it.pt:8080/metrics,74405766.0
2025-08-04 10:20:02+00:00,http://flux-node4.av.it.pt:8080/metrics,60779333.0
2025-08-04 10:20:02+00:00,http://flux-node5.av.it.pt:8080/metrics,70660326.0
2025-08-04 10:20:02+00:00,http://flux-node3.av.it.pt:8080/metrics,75309853.0
2025-08-04 10:21:02+00:00,http://flux-node4.av.it.pt:8080/metrics,61945919.0
2025-08-04 10:21:02+00:00,http://flux-node5.av.it.pt:8080/metrics,70254291.0
2025-08-04 10:21:03+00:00,http://flux-node3.av.it.pt:8080/metrics,76072016.0
2025-08-04 10:22:02+00:00,http://flux-node5.av.it.pt:8080/metrics,70275554.0
2025-08-04 10:22:02+00:00,http://flux-node4.av.it.pt:8080/metrics,61800549.0
2025-08-04 10:22:03+00:00,http://flux-node3.av.it.pt:8080/metrics,78217061.0
2025-08-04 10:23:02+00:00,http://flux-node4.av.it.pt:8080/metrics,61295914.0
2025-08-04 10:23:02+00:00,http://flux-node5.av.it.pt:8080/metrics,70970126.0
2025-08-04 10:23:02+00:00,http://flux-node3.av.it.pt:8080/metrics,84702413.0
2025-08-04 10:24:02+00:00,http://flux-node5.av.it.pt:8080/metrics,67399042.0
2025-08-04 10:24:02+00:00,http://flux-node4.av.it.pt:8080/metrics,60986566.0
2025-08-04 10:24:02+00:00,http://flux-node3.av.it.pt:8080/metrics,76710684.0
2025-08-04 10:25:02+00:00,http://flux-node4.av.it.pt:8080/metrics,61159251.0
2025-08-04 10:25:02+00:00,http://flux-node3.av.it.pt:8080/metrics,73312511.0
2025-08-04 10:25:02+00:00,http://flux-node5.av.it.pt:8080/metrics,67817735.0
2025-08-04 10:26:02+00:00,http://flux-node4.av.it.pt:8080/metrics,61146187.0
2025-08-04 10:26:02+00:00,http://flux-node3.av.it.pt:8080/metrics,74989001.0
2025-08-04 10:26:02+00:00,http://flux-node5.av.it.pt:8080/metrics,68767335.0
2025-08-04 10:27:02+00:00,http://flux-node4.av.it.pt:8080/metrics,61134155.0
2025-08-04 10:27:02+00:00,http://flux-node3.av.it.pt:8080/metrics,77189572.0
2025-08-04 10:27:02+00:00,http://flux-node5.av.it.pt:8080/metrics,67103417.0
2025-08-04 10:28:02+00:00,http://flux-node5.av.it.pt:8080/metrics,66891581.0
2025-08-04 10:28:02+00:00,http://flux-node4.av.it.pt:8080/metrics,61853841.0
2025-08-04 10:28:02+00:00,http://flux-node3.av.it.pt:8080/metrics,73968917.0
2025-08-04 10:29:02+00:00,http://flux-node3.av.it.pt:8080/metrics,71377548.0
2025-08-04 10:29:02+00:00,http://flux-node5.av.it.pt:8080/metrics,70015492.0
2025-08-04 10:29:03+00:00,http://flux-node4.av.it.pt:8080/metrics,61658287.0
2025-08-04 10:30:01+00:00,http://flux-node3.av.it.pt:8080/metrics,76693666.0
2025-08-04 10:31:01+00:00,http://flux-node4.av.it.pt:8080/metrics,61986300.0
2025-08-04 10:31:02+00:00,http://flux-node5.av.it.pt:8080/metrics,71211159.0
2025-08-04 10:32:02+00:00,http://flux-node4.av.it.pt:8080/metrics,61040880.0
2025-08-04 10:32:03+00:00,http://flux-node5.av.it.pt:8080/metrics,68952958.0
2025-08-04 10:32:03+00:00,http://flux-node3.av.it.pt:8080/metrics,75218183.0
2025-08-04 10:33:01+00:00,http://flux-node5.av.it.pt:8080/metrics,67756106.0
2025-08-04 10:33:02+00:00,http://flux-node3.av.it.pt:8080/metrics,76596273.0
2025-08-04 10:33:02+00:00,http://flux-node4.av.it.pt:8080/metrics,61209203.0
2025-08-04 10:34:02+00:00,http://flux-node5.av.it.pt:8080/metrics,67588456.0
2025-08-04 10:34:02+00:00,http://flux-node4.av.it.pt:8080/metrics,61098860.0
2025-08-04 10:34:02+00:00,http://flux-node3.av.it.pt:8080/metrics,96891383.0
2025-08-04 10:35:02+00:00,http://flux-node3.av.it.pt:8080/metrics,98192142.0
2025-08-04 10:35:02+00:00,http://flux-node5.av.it.pt:8080/metrics,68024257.0
2025-08-04 10:35:02+00:00,http://flux-node4.av.it.pt:8080/metrics,60550386.0
2025-08-04 10:36:02+00:00,http://flux-node3.av.it.pt:8080/metrics,89131989.0
2025-08-04 10:36:02+00:00,http://flux-node5.av.it.pt:8080/metrics,67573659.0
2025-08-04 10:36:02+00:00,http://flux-node4.av.it.pt:8080/metrics,61050820.0
2025-08-04 10:37:02+00:00,http://flux-node3.av.it.pt:8080/metrics,85662721.0
2025-08-04 10:37:02+00:00,http://flux-node5.av.it.pt:8080/metrics,69016458.0
2025-08-04 10:37:02+00:00,http://flux-node4.av.it.pt:8080/metrics,60306770.0
2025-08-04 10:38:02+00:00,http://flux-node3.av.it.pt:8080/metrics,71832342.0
2025-08-04 10:38:02+00:00,http://flux-node4.av.it.pt:8080/metrics,62448093.0
2025-08-04 10:38:02+00:00,http://flux-node5.av.it.pt:8080/metrics,71632542.0
2025-08-04 10:39:01+00:00,http://flux-node4.av.it.pt:8080/metrics,61591083.0
2025-08-04 10:39:02+00:00,http://flux-node5.av.it.pt:8080/metrics,73246013.0
2025-08-04 10:39:02+00:00,http://flux-node3.av.it.pt:8080/metrics,71500921.0
2025-08-04 10:40:01+00:00,http://flux-node4.av.it.pt:8080/metrics,63111370.0
2025-08-04 10:40:03+00:00,http://flux-node5.av.it.pt:8080/metrics,71800402.0
2025-08-04 10:40:03+00:00,http://flux-node3.av.it.pt:8080/metrics,86349076.0
2025-08-04 10:41:02+00:00,http://flux-node3.av.it.pt:8080/metrics,79726595.0
2025-08-04 10:41:02+00:00,http://flux-node5.av.it.pt:8080/metrics,69126218.0
2025-08-04 10:41:03+00:00,http://flux-node4.av.it.pt:8080/metrics,66441790.0
2025-08-04 10:42:02+00:00,http://flux-node4.av.it.pt:8080/metrics,60999282.0
2025-08-04 10:42:02+00:00,http://flux-node5.av.it.pt:8080/metrics,68512556.0
2025-08-04 10:42:02+00:00,http://flux-node3.av.it.pt:8080/metrics,71047586.0
2025-08-04 10:44:02+00:00,http://flux-node3.av.it.pt:8080/metrics,77761546.0
2025-08-04 10:44:02+00:00,http://flux-node4.av.it.pt:8080/metrics,60381311.0
2025-08-04 10:44:02+00:00,http://flux-node5.av.it.pt:8080/metrics,67331987.0
2025-08-04 10:45:02+00:00,http://flux-node4.av.it.pt:8080/metrics,60373558.0
2025-08-04 10:45:02+00:00,http://flux-node3.av.it.pt:8080/metrics,87907320.0
2025-08-04 10:45:02+00:00,http://flux-node5.av.it.pt:8080/metrics,67329409.0
2025-08-04 10:47:02+00:00,http://flux-node4.av.it.pt:8080/metrics,61921782.0
2025-08-04 10:47:02+00:00,http://flux-node3.av.it.pt:8080/metrics,76501136.0
2025-08-04 10:47:02+00:00,http://flux-node5.av.it.pt:8080/metrics,70108642.0
2025-08-04 10:49:02+00:00,http://flux-node4.av.it.pt:8080/metrics,60767262.0
2025-08-04 10:49:02+00:00,http://flux-node5.av.it.pt:8080/metrics,69558095.0
2025-08-04 10:49:02+00:00,http://flux-node3.av.it.pt:8080/metrics,77780375.0
2025-08-04 10:50:02+00:00,http://flux-node4.av.it.pt:8080/metrics,60725279.0
2025-08-04 10:50:02+00:00,http://flux-node3.av.it.pt:8080/metrics,73027257.0
2025-08-04 10:50:02+00:00,http://flux-node5.av.it.pt:8080/metrics,68253641.0
2025-08-04 10:51:02+00:00,http://flux-node5.av.it.pt:8080/metrics,67929867.0
2025-08-04 10:51:02+00:00,http://flux-node3.av.it.pt:8080/metrics,74984758.0
2025-08-04 10:51:02+00:00,http://flux-node4.av.it.pt:8080/metrics,60774008.0
2025-08-04 10:52:02+00:00,http://flux-node5.av.it.pt:8080/metrics,67228061.0
2025-08-04 10:52:02+00:00,http://flux-node3.av.it.pt:8080/metrics,73648962.0
2025-08-04 10:52:02+00:00,http://flux-node4.av.it.pt:8080/metrics,60532915.0
2025-08-04 10:53:02+00:00,http://flux-node3.av.it.pt:8080/metrics,74814082.0
2025-08-04 10:53:02+00:00,http://flux-node4.av.it.pt:8080/metrics,60400928.0
2025-08-04 10:53:02+00:00,http://flux-node5.av.it.pt:8080/metrics,68985829.0
2025-08-04 10:54:01+00:00,http://flux-node5.av.it.pt:8080/metrics,66617488.0
2025-08-04 10:54:02+00:00,http://flux-node4.av.it.pt:8080/metrics,61041270.0
2025-08-04 10:54:03+00:00,http://flux-node3.av.it.pt:8080/metrics,74501752.0
2025-08-04 10:55:02+00:00,http://flux-node3.av.it.pt:8080/metrics,89083438.0
2025-08-04 10:55:02+00:00,http://flux-node4.av.it.pt:8080/metrics,61284870.0
2025-08-04 10:55:02+00:00,http://flux-node5.av.it.pt:8080/metrics,69365081.0
2025-08-04 10:56:02+00:00,http://flux-node4.av.it.pt:8080/metrics,61871839.0
2025-08-04 10:56:02+00:00,http://flux-node3.av.it.pt:8080/metrics,74520003.0
2025-08-04 10:56:03+00:00,http://flux-node5.av.it.pt:8080/metrics,70016696.0
2025-08-04 10:57:01+00:00,http://flux-node3.av.it.pt:8080/metrics,81552185.0
2025-08-04 10:57:02+00:00,http://flux-node4.av.it.pt:8080/metrics,62372188.0
2025-08-04 10:57:02+00:00,http://flux-node5.av.it.pt:8080/metrics,70514242.0
2025-08-04 10:58:02+00:00,http://flux-node3.av.it.pt:8080/metrics,78742338.0
2025-08-04 10:58:02+00:00,http://flux-node5.av.it.pt:8080/metrics,70533636.0
